{
  "feature_order": [
    "hemo",
    "pcv",
    "sc",
    "rc",
    "sg",
    "al",
    "sod",
    "htn",
    "pot",
    "dm",
    "bu",
    "bgr",
    "age"
  ],
  "numeric_features": [
    "hemo",
    "pcv",
    "sc",
    "rc",
    "sg",
    "al",
    "sod",
    "pot",
    "bu",
    "bgr",
    "age"
  ],
  "categorical_features": [
    "htn",
    "dm"
  ],
  "label_maps": {
    "htn": {
      "no": 0,
      "yes": 1
    },
    "dm": {
      "no": 0,
      "yes": 1
    }
  },
  "impute": {
    "hemo": 12.649999999999999,
    "pcv": 40.0,
    "sc": 1.3,
    "rc": 4.8,
    "sg": 1.02,
    "al": 0.0,
    "sod": 138.0,
    "pot": 4.4,
    "bu": 42.0,
    "bgr": 121.0,
    "age": 55.0,
    "htn": "no",
    "dm": "no"
  },
  "scaler_mean": [
    0.18589194058577832,
    0.1293625812416705,
    -0.06747826803592875,
    0.16220301425855566,
    0.15332711574851676,
    -0.15059233820344706,
    0.04160834427260725,
    -0.15556157328013448,
    -0.07035658422499928,
    -0.1843868251544979,
    -0.10304425775077675,
    -0.12432211509111916,
    -0.07107472166552378
  ],
  "scaler_scale": [
    1.0059374814361524,
    0.9590054180231372,
    0.9517232650586103,
    0.9794975476822423,
    0.9508537574392832,
    0.9225828726877299,
    0.9829991000605418,
    0.9435550007097429,
    0.22191354242805772,
    0.9184807532351701,
    0.8999589704158313,
    0.8724351687832168,
    0.9948061728168341
  ],
  "best_model_name": "CatBoost"
}